policy,seed,tasks,edge_pct,cloud_pct,avg_latency,p95_latency,avg_energy,violation_pct,avg_edge_backlog,avg_cloud_backlog,edge_pred_mae,edge_naive_mae,cloud_pred_mae,cloud_naive_mae
edge_only,42,500,100.0,0.0,1.3641029066666661,3.696842958333329,0.26604310687500005,40.0,1.222917492492492,0.0,0.4069958756640912,0.3196235538663664,0.031342289744272875,0.0
cloud_only,42,500,0.0,100.0,0.9213292997372696,2.527396174011355,1.0157269250530965,19.6,0.0,0.0789846403903904,0.13096599643142595,0.0,0.1038769560339111,0.09915294394394396
threshold,42,500,81.0,19.0,0.5988744891139441,2.5107780239415507,0.5815015717425002,15.2,0.1878097606981982,0.04169855655655656,0.23419494644798092,0.1797418975225225,0.11569065570350058,0.06455841891891893
reactive,42,500,74.2,25.8,0.6528913856963348,1.8338027708333284,0.33715964842952983,7.4,0.7672257150900901,0.00680551901901902,0.43632029264607713,0.30901440784534534,0.01817542923272408,0.011362873873873875
predictive,42,500,73.2,26.8,0.6434274101471248,1.8338027708333284,0.3389431844737094,6.8,0.7542259665915916,0.00750753878878879,0.43718017397088155,0.309183178490991,0.020224262155700667,0.012771027527527526
