policy,n_seeds,avg_latency,avg_latency_std,p95_latency,p95_latency_std,avg_energy,avg_energy_std,violation_pct,violation_pct_std,cloud_pct,cloud_pct_std,avg_edge_backlog,avg_edge_backlog_std,avg_cloud_backlog,avg_cloud_backlog_std,edge_pred_mae,edge_pred_mae_std,edge_naive_mae,edge_naive_mae_std,cloud_pred_mae,cloud_pred_mae_std,cloud_naive_mae,cloud_naive_mae_std
edge_only,3,1.3512392922222214,0.047463212337000765,3.5844962777777725,0.2223252575087769,0.27615553729166664,0.007656854343535099,41.73333333333333,2.1746008573733446,0.0,0.0,1.1954772070231972,0.054045759781810226,0.0,0.0,0.40501956708474207,0.001980852363480821,0.3246112119295708,0.0049058444810759425,0.0294682672713877,0.0014251042074917644,0.0,0.0
cloud_only,3,0.762838655026104,0.12973990098842886,1.1907538692156459,0.6036122513038513,0.999844562030718,0.030399812068133282,30.666666666666668,2.7824849006278947,100.0,0.0,0.0,0.0,0.07722130889095084,0.0024508546052944514,0.1231352596697272,0.005954899724162016,0.0,0.0,0.10297263114008959,0.001823448285299394,0.10150711436310528,0.0019771575225566683
threshold,3,0.35895837623014665,0.01617971145719876,0.8043157856021453,0.017845147856581093,0.5593209826462774,0.01992961380826183,4.3999999999999995,0.3265986323710903,19.066666666666666,0.24944382578492855,0.20205366627156915,0.01684021663743744,0.03856144932352302,0.002348677050854805,0.2435197896469017,0.014846688887448712,0.1895794642395948,0.013968905244293431,0.1076097800124144,0.00407474222600858,0.06168385730289977,0.002036715170524545
reactive,3,0.6435257056833903,0.031170561603054703,1.5986500902777765,0.08840583228801602,0.36805248452218353,0.004398354527934887,17.333333333333332,0.7717224601860139,29.46666666666667,1.508494466531303,0.5990225810039331,0.0578932347308585,0.011629695382154326,0.0009597850793196284,0.4135894854227271,0.00842025557803529,0.30184992715143993,0.009625868676857136,0.03173959511383508,0.0021789777465594912,0.019702381803945807,0.001697079727298349
predictive,3,0.6378578127633846,0.030302861473108792,1.5540789999999989,0.05230868345820321,0.37153345063330184,0.003574988059469102,17.400000000000002,2.1416504538945342,31.733333333333334,1.7613126418163891,0.5825972988147948,0.046062434455866774,0.012582721899689758,0.0005512761338166077,0.4168008200423861,0.005411588146739514,0.3009664127735911,0.006947977883583027,0.03250693686535142,0.0011790886725917217,0.021045041384386173,0.001078247637390767
