policy,n_seeds,avg_latency,avg_latency_std,p95_latency,p95_latency_std,avg_energy,avg_energy_std,violation_pct,violation_pct_std,cloud_pct,cloud_pct_std,avg_edge_backlog,avg_edge_backlog_std,avg_cloud_backlog,avg_cloud_backlog_std,edge_pred_mae,edge_pred_mae_std,edge_naive_mae,edge_naive_mae_std,cloud_pred_mae,cloud_pred_mae_std,cloud_naive_mae,cloud_naive_mae_std
edge_only,3,1.3512392922222214,0.047463212337000765,3.5844962777777725,0.2223252575087769,0.27615553729166664,0.007656854343535099,41.73333333333333,2.1746008573733446,0.0,0.0,1.1954772070231972,0.054045759781810226,0.0,0.0,0.4068350760011237,0.003930960049741524,0.3246112119295708,0.0049058444810759425,0.02987242093023536,0.0016938764135144312,0.0,0.0
cloud_only,3,0.9095007443727986,0.021268934142630428,2.5060462435104913,0.05053959568448783,0.999844562030718,0.030399812068133282,19.933333333333334,1.247219128924647,100.0,0.0,0.0,0.0,0.07722130889095084,0.0024508546052944514,0.12482404460134063,0.007077983585042458,0.0,0.0,0.11010705481449636,0.0015709001617746974,0.10150711436310528,0.0019771575225566683
threshold,3,0.5931370425431512,0.018236486513363532,2.4570688580826374,0.05301833984993123,0.5593209826462774,0.01992961380826183,14.199999999999998,0.7118052168020871,19.066666666666666,0.24944382578492855,0.20205366627156915,0.01684021663743744,0.03856144932352302,0.002348677050854805,0.24880703358782283,0.016520849349240373,0.1895794642395948,0.013968905244293431,0.11034247065903639,0.004265085352229804,0.06168385730289977,0.002036715170524545
reactive,3,0.5733403343933002,0.02283141292222276,1.664371273417406,0.050626288785799806,0.36805248452218353,0.004398354527934887,6.666666666666667,1.0624918300339483,29.46666666666667,1.508494466531303,0.5990225810039331,0.0578932347308585,0.011629695382154326,0.0009597850793196284,0.42093090166829644,0.01285791141144881,0.30184992715143993,0.009625868676857136,0.031459964865707644,0.002276501905236551,0.019702381803945807,0.001697079727298349
predictive,3,0.5643266447934148,0.01934592943783605,1.6091344879853322,0.05671146040701391,0.37231627723738375,0.0047867859400314225,6.333333333333333,0.7363574011458174,32.0,1.6970562748477132,0.5807868198011675,0.04431177380144569,0.012765961769242511,0.0004936001615038254,0.42604048487572177,0.01040173740140717,0.30206440401796225,0.006277008744524367,0.032740044088984455,0.0011855768193361534,0.021390160022326982,0.0011758669443642457
